name, average, stdev
test_sum_tj,     0.921273,    0.010130
test_sum_mj,     0.928284,    0.0955719
test_interp_sum, 3.02743,     0.0573638
c_sum,           0.453045,    0.031575
pypy_sum,        0.099327,    0.00207629
sq_bc_mj,        0.0833346,   0.0034278
sq_bc_tj,        0.00892377,  0.00111975 
sq_mc,           0.0698132,   0.00437366
sq_pypy,         0.070267,    0.006677
sq_c,            0.129566,    0.00549407
sq_mc_interp,    0.906851,    0.02805
